Barcode,ADT_identifier,Antigen,Clone,stain_strategy,Ag_category,Ab_ug
CGTCCTAGGACATAT,5,pP120_Catenin_T310,22_p120_pT310,solo,signalling,1
CTCCAGCTCGAGCTC,6,pRB_S807_811,J112_906,pool,signalling,1
AGCGAACCGCCGCTG,8,me2_Histone_H3_K4,C64G9,solo,signalling,1
GTGCAAGAGTTGGCG,9,cCaspase 3_D175,D3E9,pool,signalling,1
TGGTGACAAGTATCT,11,MOPC21,MOPC21,solo,control,1
GCCAAGATCAGGTCC,14,pPDPK1_S241,J66_653_44_22,pool,signalling,1
GCATTGCGTCAGGCT,16,pBTK_Y551,24a_BTK,pool,signalling,1
CTGGTCGAACTTCGT,17,p4E_BP1_T37_46,236B4,pool,signalling,1
AGAGCTAGGATCGGA,18,pAKT_T308,J1_223_371,solo,signalling,1
ATAATCATTACGTGG,19,pNF_kB_p65_S529,K10_895_12_50,pool,signalling,1
CGTCGCAATCCATTG,21,pP38 MAPK_T180_Y182,D3F9,solo,signalling,1
CAAGCGCGGCTTCCG,23,pHistone H2A_X_S139,D7T2V,pool,signalling,1
AGACAGTGATGTCCG,27,pS6_S240_S244,D68F8,solo,signalling,1
CGTACATGTACCACA,29,Pan_CK,AE1_AE3,solo,intra,1
GGACGAGTTCAACGT,30,CK18,C_04,solo,intra,1
GCGGCTCTGTTGATG,31,Vimentin,RV202,solo,intra,1
TTGTCACGGTAATAA,32,Cyclin_B1,GNS_11,pool,signalling,1
ATCGAACCGACAGAG,33,pNDRG1_T346,D98G11,pool,signalling,1
GGTCGACTAGGTCGG,34,pHistone _H3_Ser28,HTA28,solo,signalling,1
CTCAAGCATTATCAT,35,Rabbit_IgG,Polyclonal,solo,control,1
TCCGATCCTGGTCCG,37,cPARP_D214,D64E10,solo,signalling,1