Barcode,ADT_identifier,Antigen,Clone,supplier,Ag_category,Ab_ug
AAGGCAGACGGTGCA,1,Rat_IgG_Control,G8.8,BioLegend,control,1
GGCTGCGCACCGCCT,2,CD44 (v4),IM7,BioLegend,extra,0.25
CGTCCTAGGACATAT,5,pP120-Catenin [T310],22/p120 (pT310),BD Biosciences,signalling,0.5
CTCCAGCTCGAGCTC,6,pRB [S807/811] (v1),J112-906,BD Biosciences,signalling,1
AGCGAACCGCCGCTG,8,me2 Histone H3 [K4],C64G9,CST,signalling,0.27
GTGCAAGAGTTGGCG,9,cCaspase 3 [D175] (v2),D3E9,CST,signalling,0.2
TGGTGACAAGTATCT,11,Mouse_IgG_Control,MOPC21,BioLegend,control,1
GCCAAGATCAGGTCC,14,pPDPK1 [S241],J66-653.44.22,BD Biosciences,signalling,0.9
TTAGGTGTACACGTT,15,pMKK4/SEK1 [S257],C36C11,CST,signalling,1.4
GCATTGCGTCAGGCT,16,pBTK [Y551] (1) (v2),24a/BTK,BD Biosciences,signalling,2
CTGGTCGAACTTCGT,17,p4E-BP1 [T37/46] (v2),236B4,CST,signalling,0.56
AGAGCTAGGATCGGA,18,pAKT [T308],J1-223.371,BD Biosciences,signalling,1.4
ATAATCATTACGTGG,19,pNF-κB p65 [S529],K10-895.12.50,BD Biosciences,signalling,0.45
CGTCGCAATCCATTG,21,pP38 MAPK [T180/Y182] (v2),D8E9,CST,signalling,0.6
CAAGCGCGGCTTCCG,23,pHistone H2A.X [S139] (3),D7T2V,CST,signalling,0.65
AGACAGTGATGTCCG,27,pS6 [S240/S244] (2),D68F8,CST,signalling,0.5
CGTACATGTACCACA,29,Pan-CK,AE1/AE3,BioLegend,intra,1.5
GGACGAGTTCAACGT,30,CK18,C-04,Santa Cruz,intra,0.5
GCGGCTCTGTTGATG,31,Vimentin,RV202,Novus Biologicals,intra,0.5
TTGTCACGGTAATAA,32,Cyclin B1 (2),GNS-11,BD Biosciences,signalling,1
ATCGAACCGACAGAG,33,pNDRG1 [T346],D98G11,CST,signalling,1.2
GGTCGACTAGGTCGG,34,pHistone H3 [Ser28] (v3),HTA28,BioLegend,signalling,1
CTCAAGCATTATCAT,35,Rabbit_IgG_Control,Polyclonal,R&D Systems,control,1.4